{
    "values": [
        {
            "name": "nsxManager",
            "enabled": true,
            "value": "",
            "type": "string",
            "key": "nsxmanager"
        },
        {
            "name": "datacenterID",
            "enabled": true,
            "value": "",
            "type": "string",
            "key": "datacenterID"
        },
        {
            "name": "switchId",
            "enabled": true,
            "value": "",
            "type": "string",
            "key": "vdsId"
        },
        {
            "name": "segmentPoolId",
            "enabled": true,
            "value": "",
            "type": "string",
            "key": "segmentPoolId"
        },
        {
            "name": "multicastAddresssRangeId",
            "enabled": true,
            "value": "",
            "type": "string",
            "key": "multicastAddresssRangeId"
        },
        {
            "name": "portNumber",
            "enabled": true,
            "value": "",
            "type": "string",
            "key": "portNumber"
        },
        {
            "name": "scopeId",
            "enabled": true,
            "value": "",
            "type": "string",
            "key": "scopeId"
        },
        {
            "name": "virtualWireID",
            "enabled": true,
            "value": "",
            "type": "string",
            "key": "virtualWireID"
        },
        {
            "name": "ID",
            "enabled": true,
            "value": "",
            "type": "string",
            "key": "ID"
        },
        {
            "name": "jobId",
            "enabled": true,
            "value": "",
            "type": "string",
            "key": "jobId"
        },
        {
            "name": "controllerId",
            "enabled": true,
            "value": "",
            "type": "string",
            "key": "controllerId"
        },
        {
            "name": "applicationId",
            "enabled": true,
            "value": "",
            "type": "string",
            "key": "applicationId"
        },
        {
            "name": "applicationgroupId",
            "enabled": true,
            "value": "",
            "type": "string",
            "key": "applicationgroupId"
        },
        {
            "name": "moref",
            "enabled": true,
            "value": "",
            "type": "string",
            "key": "moref"
        },
        {
            "name": "poolId",
            "enabled": true,
            "value": "",
            "type": "string",
            "key": "poolId"
        },
        {
            "name": "ipAddress",
            "enabled": true,
            "value": "",
            "type": "string",
            "key": "ipAddress"
        },
        {
            "name": "tagId",
            "enabled": true,
            "value": "",
            "type": "string",
            "key": "tagId"
        },
        {
            "name": "vmMoid",
            "enabled": true,
            "value": "",
            "type": "string",
            "key": "vmMoid"
        },
        {
            "name": "userId",
            "enabled": true,
            "value": "",
            "type": "string",
            "key": "userId"
        },
        {
            "name": "value",
            "enabled": true,
            "value": "",
            "type": "integer",
            "key": "value"
        },
        {
            "name": "memberType",
            "enabled": true,
            "value": "",
            "type": "string",
            "key": "memberType"
        },
        {
            "name": "objectId",
            "enabled": true,
            "value": "",
            "type": "string",
            "key": "objectId"
        },
        {
            "name": "memberMoref",
            "enabled": true,
            "value": "",
            "type": "string",
            "key": "memberMoref"
        },
        {
            "name": "virtualMachineId",
            "enabled": true,
            "value": "",
            "type": "string",
            "key": "virtualMachineId"
        },
        {
            "name": "scopeMoref",
            "enabled": true,
            "value": "",
            "type": "string",
            "key": "scopeMoref"
        },
        {
            "name": "ipsetId",
            "enabled": true,
            "value": "",
            "type": "string",
            "key": "ipsetId"
        },
        {
            "name": "nsxManagerID",
            "enabled": true,
            "value": "",
            "type": "string",
            "key": "nsxManagerID"
        },
        {
            "name": "componentID",
            "enabled": true,
            "value": "",
            "type": "string",
            "key": "componentID"
        },
        {
            "name": "filename",
            "enabled": true,
            "value": "",
            "type": "string",
            "key": "filename"
        },
        {
            "name": "parentResourceID",
            "enabled": true,
            "value": "",
            "type": "string",
            "key": "parentResourceID"
        },
        {
            "name": "resourceType",
            "enabled": true,
            "value": "",
            "type": "string",
            "key": "resourceType"
        },
        {
            "name": "clusterID",
            "enabled": true,
            "value": "",
            "type": "string",
            "key": "clusterID"
        },
        {
            "name": "hostID",
            "enabled": true,
            "value": "",
            "type": "string",
            "key": "hostID"
        },
        {
            "name": "serviceID",
            "enabled": true,
            "value": "",
            "type": "string",
            "key": "serviceID"
        },
        {
            "name": "scanID",
            "enabled": true,
            "value": "",
            "type": "string",
            "key": "scanID"
        },
        {
            "name": "contextID",
            "enabled": true,
            "value": "",
            "type": "string",
            "key": "contextID"
        },
        {
            "name": "vmID",
            "enabled": true,
            "value": "",
            "type": "string",
            "key": "vmID"
        },
        {
            "name": "userID",
            "enabled": true,
            "value": "",
            "type": "string",
            "key": "userID"
        },
        {
            "name": "appID",
            "enabled": true,
            "value": "",
            "type": "string",
            "key": "appID"
        },
        {
            "name": "desktoppoolID",
            "enabled": true,
            "value": "",
            "type": "string",
            "key": "desktoppoolID"
        },
        {
            "name": "directorygroupID",
            "enabled": true,
            "value": "",
            "type": "string",
            "key": "directorygroupID"
        },
        {
            "name": "secgroupID",
            "enabled": true,
            "value": "",
            "type": "string",
            "key": "secgroupID"
        },
        {
            "name": "domainID",
            "enabled": true,
            "value": "",
            "type": "string",
            "key": "domainID"
        },
        {
            "name": "serverID",
            "enabled": true,
            "value": "",
            "type": "string",
            "key": "serverID"
        },
        {
            "name": "IP",
            "enabled": true,
            "value": "",
            "type": "string",
            "key": "IP"
        },
        {
            "name": "agentID",
            "enabled": true,
            "value": "",
            "type": "string",
            "key": "agentID"
        },
        {
            "name": "deploymentunitID",
            "enabled": true,
            "value": "",
            "type": "string",
            "key": "deploymentunitID"
        },
        {
            "name": "macsetId",
            "enabled": true,
            "value": "",
            "type": "string",
            "key": "macsetId"
        },
        {
            "name": "vendorID",
            "enabled": true,
            "value": "",
            "type": "string",
            "key": "vendorID"
        },
        {
            "name": "altitude",
            "enabled": true,
            "value": "",
            "type": "string",
            "key": "altitude"
        },
        {
            "name": "moid",
            "enabled": true,
            "value": "",
            "type": "string",
            "key": "moid"
        },
        {
            "name": "solutionID",
            "enabled": true,
            "value": "",
            "type": "string",
            "key": "solutionID"
        },
        {
            "name": "sectionId",
            "enabled": true,
            "value": "",
            "type": "string",
            "key": "sectionId"
        },
        {
            "name": "ruleId",
            "enabled": true,
            "value": "",
            "type": "string",
            "key": "ruleId"
        },
        {
            "name": "sectionName",
            "enabled": true,
            "value": "",
            "type": "string",
            "key": "sectionName"
        },
        {
            "name": "section",
            "enabled": true,
            "value": "",
            "type": "string",
            "key": "section"
        },
        {
            "name": "ruleID",
            "enabled": true,
            "value": "",
            "type": "string",
            "key": "ruleID"
        },
        {
            "name": "sectionID",
            "enabled": true,
            "value": "",
            "type": "string",
            "key": "sectionID"
        },
        {
            "name": "draftID",
            "enabled": true,
            "value": "",
            "type": "string",
            "key": "draftID"
        },
        {
            "name": "truefalse",
            "enabled": true,
            "value": "",
            "type": "string",
            "key": "truefalse"
        },
        {
            "name": "contextId",
            "enabled": true,
            "value": "",
            "type": "string",
            "key": "contextId"
        },
        {
            "name": "policyID",
            "enabled": true,
            "value": "",
            "type": "string",
            "key": "policyID"
        },
        {
            "name": "memberID",
            "enabled": true,
            "value": "",
            "type": "string",
            "key": "memberID"
        },
        {
            "name": "edgeId",
            "enabled": true,
            "value": "",
            "type": "string",
            "key": "edgeId"
        },
        {
            "name": "appProfileID",
            "enabled": true,
            "value": "",
            "type": "string",
            "key": "appProfileID"
        },
        {
            "name": "appruleID",
            "enabled": true,
            "value": "",
            "type": "string",
            "key": "appruleID"
        },
        {
            "name": "monitorID",
            "enabled": true,
            "value": "",
            "type": "string",
            "key": "monitorID"
        },
        {
            "name": "virtualserverID",
            "enabled": true,
            "value": "",
            "type": "string",
            "key": "virtualserverID"
        },
        {
            "name": "poolID",
            "enabled": true,
            "value": "",
            "type": "string",
            "key": "poolID"
        },
        {
            "name": "bindingID",
            "enabled": true,
            "value": "",
            "type": "string",
            "key": "bindingID"
        },
        {
            "name": "networkID",
            "enabled": true,
            "value": "",
            "type": "string",
            "key": "networkID"
        },
        {
            "name": "ipPoolID",
            "enabled": true,
            "value": "",
            "type": "string",
            "key": "ippoolID"
        },
        {
            "name": "packageID",
            "enabled": true,
            "value": "",
            "type": "string",
            "key": "packageID"
        },
        {
            "name": "id",
            "enabled": true,
            "value": "",
            "type": "string",
            "key": "id"
        },
        {
            "name": "fileID",
            "enabled": true,
            "value": "",
            "type": "string",
            "key": "fileID"
        },
        {
            "name": "sessionID",
            "enabled": true,
            "value": "",
            "type": "string",
            "key": "sessionID"
        },
        {
            "name": "haIndex",
            "enabled": true,
            "value": "",
            "type": "string",
            "key": "haIndex"
        },
        {
            "name": "index",
            "enabled": true,
            "value": "",
            "type": "string",
            "key": "index"
        },
        {
            "name": "edgeID",
            "enabled": true,
            "value": "",
            "type": "string",
            "key": "edgeID"
        },
        {
            "name": "certificateId",
            "enabled": true,
            "value": "",
            "type": "string",
            "key": "certificateId"
        },
        {
            "name": "csrId",
            "enabled": true,
            "value": "",
            "type": "string",
            "key": "csrId"
        },
        {
            "name": "crlId",
            "enabled": true,
            "value": "",
            "type": "string",
            "key": "crlId"
        }
    ],
    "name": "VMware NSX for vSphere's Environment",
    "id": "04333061-be14-4f8d-9ff1-e1d8ffe4c4ce",
    "timestamp": 1480970375266
}